<TICKER>;<PER>;<DATE>;<TIME>;<OPEN>;<HIGH>;<LOW>;<CLOSE>;<VOL>
ROSN;D;200103;000000;453.75;458.65;453.35;456.9;4364310
ROSN;D;200106;000000;458.8;460.4;453.4;455.6;6817630
ROSN;D;200108;000000;456;462.7;451.45;452;9228840
ROSN;D;200109;000000;452.4;460.95;450.7;460.2;4979740
ROSN;D;200110;000000;459.9;475.65;456.85;473.5;6694220
ROSN;D;200113;000000;474.45;482.25;472.15;481.15;4807490
ROSN;D;200114;000000;481.2;486.45;472.7;475.5;6552170
ROSN;D;200115;000000;474.65;482.1;469.95;474.5;4594560
ROSN;D;200116;000000;477.95;481.5;476.7;480.95;4122720
ROSN;D;200117;000000;482.45;487.2;481.25;485.15;4462140
ROSN;D;200120;000000;488;489.9;484.65;484.85;3123590
ROSN;D;200121;000000;482.55;486.85;479;486.15;2917150
ROSN;D;200122;000000;486.25;488.55;476.05;478.15;11723480
ROSN;D;200123;000000;475.05;479.7;470.6;473.1;4178020
ROSN;D;200124;000000;475.1;478.4;473.5;474;3296670
ROSN;D;200127;000000;469.1;473.8;465.8;468.3;5666060
ROSN;D;200128;000000;472;477.7;468.2;477.7;5878730
ROSN;D;200129;000000;480.05;482;475.6;481.7;6303100
ROSN;D;200130;000000;480.55;483.3;477.8;481.2;14579330
ROSN;D;200131;000000;483.6;486;478.75;480.5;8590650
ROSN;D;200203;000000;478.6;481.45;476.6;479.95;4669800
ROSN;D;200204;000000;481.35;483;478.35;480;8779820
ROSN;D;200205;000000;481;481.5;474.4;477;5656150
ROSN;D;200206;000000;478.55;480.5;471;475.6;4753390
ROSN;D;200207;000000;475.5;476.75;450.55;463.6;16661800
ROSN;D;200210;000000;463.65;463.85;447.8;450;8838180
ROSN;D;200211;000000;454.7;456.7;448.25;454.3;7800690
ROSN;D;200212;000000;456.45;465.8;455.5;465.8;7398340
ROSN;D;200213;000000;463.8;465.5;458.55;463;5194490
ROSN;D;200214;000000;462.6;464.4;456.25;460.5;4927690
ROSN;D;200217;000000;460.9;464.7;459.7;464.7;2861190
ROSN;D;200218;000000;462.5;466;440.7;452.2;12451240
ROSN;D;200219;000000;455.4;469;455.4;465.65;10639740
ROSN;D;200220;000000;468.2;476.95;465.6;470.4;9020310
ROSN;D;200221;000000;468.5;469;461.65;461.75;6003350
ROSN;D;200225;000000;455.15;458.75;442.7;443.85;7315110
ROSN;D;200226;000000;441.7;444.6;431.5;443.7;9685810
ROSN;D;200227;000000;436.9;440;420.95;422.05;9692300
ROSN;D;200228;000000;416.1;417;398.15;403.4;18857900
ROSN;D;200302;000000;410.95;415.4;389.5;394.5;11836540
ROSN;D;200303;000000;406.05;411.95;400.5;406;11093190
ROSN;D;200304;000000;402.95;416.55;399.2;415.95;9077990
ROSN;D;200305;000000;417.8;420;408.5;410.6;8604330
ROSN;D;200306;000000;405.95;406.95;391.05;392.95;12738960
ROSN;D;200310;000000;353.7;357.4;320;326.5;38145830
ROSN;D;200311;000000;332.7;334.4;310.95;314.05;20713740
ROSN;D;200312;000000;300;305;270.8;277.5;29181800
ROSN;D;200313;000000;262;288.65;261.4;266.25;44524210
ROSN;D;200316;000000;266.25;280;251;258.5;30921610
ROSN;D;200317;000000;260.65;268;246.25;249.15;19681860
ROSN;D;200318;000000;244;244.75;229.8;234;19290210
ROSN;D;200319;000000;237.05;268.65;230.05;264.4;37651340
ROSN;D;200320;000000;274.5;299.4;272;287.75;45298880
ROSN;D;200323;000000;275;276.45;265.15;274;35798070
ROSN;D;200324;000000;298.1;301.25;285.45;298.5;22552830
ROSN;D;200325;000000;304.7;319.75;287.75;304.75;36639270
ROSN;D;200326;000000;304.5;319.95;291;316.2;20450190
ROSN;D;200327;000000;315.85;322;296.3;302.8;13827680
ROSN;D;200330;000000;316.5;325.75;293.55;301;29649570
ROSN;D;200331;000000;305.15;319.75;304;314.35;25479010
ROSN;D;200401;000000;308;324.6;304.2;321;18316530
ROSN;D;200402;000000;334.95;354.3;324.65;340.5;38669380
ROSN;D;200403;000000;344.05;355;340.55;345;37173790
ROSN;D;200406;000000;348.05;352;340.25;343;18118390
ROSN;D;200407;000000;350;386.95;337.55;339.5;28475380
ROSN;D;200408;000000;336.95;342.95;335.7;341.5;13988970
ROSN;D;200409;000000;347.85;355;341.5;353;27072440
ROSN;D;200410;000000;349.95;350.05;342.15;344;12759730
ROSN;D;200413;000000;345;346.5;334.4;336.7;9810560
ROSN;D;200414;000000;339.15;342;327.4;330.95;13242050
ROSN;D;200415;000000;328;328.35;304.05;307.25;19838270
ROSN;D;200416;000000;308.55;314.9;296.25;305.75;21543770
ROSN;D;200417;000000;312;314.75;307.3;313.9;14630190
ROSN;D;200420;000000;310.5;314.5;307.8;307.9;12202180
ROSN;D;200421;000000;299.25;306.95;293.5;304;25171350
ROSN;D;200422;000000;299.8;329.1;299.2;321.95;24948470
ROSN;D;200423;000000;329.6;336.8;324.1;335;22942560
ROSN;D;200424;000000;334.5;334.5;322.5;324;16513470
ROSN;D;200427;000000;322.75;327.3;319.3;322.9;10219540
ROSN;D;200428;000000;320.9;331.3;318;325.1;17579090
ROSN;D;200429;000000;328.15;338.25;326.5;337.95;15348920
ROSN;D;200430;000000;343.35;346.45;330.3;335.65;17110780
ROSN;D;200504;000000;330.95;332.75;325.05;331;8818640
ROSN;D;200505;000000;336.95;343.55;334;342.5;13954260
ROSN;D;200506;000000;343.8;344.85;335;336.65;14581140
ROSN;D;200507;000000;337.35;344.55;336.75;343;12484260
ROSN;D;200508;000000;344.05;350;340.25;348;9539910
ROSN;D;200512;000000;347.5;355.7;345.2;351.1;11119860
ROSN;D;200513;000000;350.2;353.15;345.85;348;8898600
ROSN;D;200514;000000;346.4;349.95;344.55;347.15;8913890
ROSN;D;200515;000000;351.5;354.75;349.35;350.05;9500640
ROSN;D;200518;000000;357.25;375.95;355.65;375.05;19830000
ROSN;D;200519;000000;376.2;383.5;371.55;376.5;18924980
ROSN;D;200520;000000;374;384.45;373.25;380.25;14708980
ROSN;D;200521;000000;378.85;383.35;364.4;367;20865440
ROSN;D;200522;000000;359.7;365.9;358.1;364.5;13719580
ROSN;D;200525;000000;366.5;374;366.5;373.95;5281900
ROSN;D;200526;000000;377.8;380.9;374.4;374.4;10544440
ROSN;D;200527;000000;374.05;380;366.35;374.9;12178980
ROSN;D;200528;000000;376.75;378.2;372.5;377.45;7316850
ROSN;D;200529;000000;374.85;376.35;370.4;376.2;10691660
ROSN;D;200601;000000;380;387;376.35;378.7;8309570
ROSN;D;200602;000000;380.9;387;379.8;387;13073440
ROSN;D;200603;000000;390.2;397.6;388.4;396.95;13886280
ROSN;D;200604;000000;396.95;397.3;387.65;390.05;8801280
ROSN;D;200605;000000;394.2;402;393;401.95;11584640
ROSN;D;200608;000000;407;408.25;395;400.15;12606270
ROSN;D;200609;000000;402.15;403.9;394.3;402;10105280
ROSN;D;200610;000000;401.6;403.75;397.25;400.3;8809330
ROSN;D;200611;000000;382.8;382.9;370.5;376.1;15430710
ROSN;D;200615;000000;368.55;369.05;359.55;366.15;12086540
ROSN;D;200616;000000;372.15;376.8;370.25;371.4;9164100
ROSN;D;200617;000000;372.9;376.85;371.05;371.75;6430580
ROSN;D;200618;000000;371.65;374.5;369.25;373.65;5305690
ROSN;D;200619;000000;376.15;378.8;373.7;376.15;7032170
ROSN;D;200622;000000;374.55;379;370.5;375.65;5857780
ROSN;D;200623;000000;376.85;377.75;372.5;373.6;4246480
ROSN;D;200625;000000;366.8;372;362.2;371.5;9231090
ROSN;D;200626;000000;372.95;372.95;366;367.05;3584380
ROSN;D;200629;000000;365.95;367.45;361.7;365.5;4323120
ROSN;D;200630;000000;365.5;366.2;359.5;361.8;4136850
ROSN;D;200702;000000;364.1;367.8;362.5;366.05;3681850
ROSN;D;200703;000000;366.65;368.2;362.95;365.35;3345330
ROSN;D;200706;000000;367.85;373.65;367;368.8;5164220
ROSN;D;200707;000000;366;368.8;364.55;365.85;3424680
ROSN;D;200708;000000;366.35;366.8;362.75;366.15;2848480
ROSN;D;200709;000000;366.85;367.45;360.65;364.25;3938460
ROSN;D;200710;000000;361.4;364.5;356.8;364;4238130
ROSN;D;200713;000000;365.8;367.4;354.3;354.95;4992760
ROSN;D;200714;000000;355.9;355.9;349.05;355;7403290
ROSN;D;200715;000000;355.7;362.95;353.35;358.45;8342140
ROSN;D;200716;000000;356.95;361.45;355.85;361.1;2849150
ROSN;D;200717;000000;360.7;362.25;358.35;359.85;2148690
ROSN;D;200720;000000;359.35;361.65;355.9;361.35;3789860
ROSN;D;200721;000000;362.6;367.75;362.2;364.45;5274330
ROSN;D;200722;000000;364.05;366.8;362.2;364.7;3385610
ROSN;D;200723;000000;366.2;366.55;358.1;360;3207020
ROSN;D;200724;000000;358.2;360.7;357.4;359.75;4467990
ROSN;D;200727;000000;360.25;361;356.3;358.25;4474730
ROSN;D;200728;000000;358.85;359.3;355;355.4;4089570
ROSN;D;200729;000000;356;360.4;355.45;360.4;5483200
ROSN;D;200730;000000;359.3;359.6;352.6;355.85;5643870
ROSN;D;200731;000000;356.45;358.2;353.5;356.9;4013630
ROSN;D;200803;000000;356;358.35;355.25;356.45;3727140
ROSN;D;200804;000000;356.55;360.7;355;359.8;4723340
ROSN;D;200805;000000;361;365.6;359;364.5;7939910
ROSN;D;200806;000000;365.05;374.85;362.45;369;6132800
ROSN;D;200807;000000;367.85;370.5;365.2;367.15;4822140
ROSN;D;200810;000000;367.95;370.95;366.6;368.25;3340780
ROSN;D;200811;000000;369;371.85;366.7;367.2;6198430
ROSN;D;200812;000000;368.95;379.05;368.55;377.85;7422770
ROSN;D;200813;000000;378.1;389.7;376;387.3;10575180
ROSN;D;200814;000000;387.9;390;382.65;387.95;6085500
ROSN;D;200817;000000;389.35;393.1;383.2;389.55;6536810
ROSN;D;200818;000000;387.95;394.3;386.15;391.85;5597370
ROSN;D;200819;000000;392.25;393.25;385.4;388.5;3868620
ROSN;D;200820;000000;385.1;386.3;379.1;381.6;5233000
ROSN;D;200821;000000;382.1;386.2;377.6;382.8;4098640
ROSN;D;200824;000000;384.55;388.7;383.25;388.65;3239960
ROSN;D;200825;000000;389.65;393.45;386.7;392.8;5954900
ROSN;D;200826;000000;393.05;398.5;391.9;397.5;5658370
ROSN;D;200827;000000;397.5;399;388.3;389.65;3885600
ROSN;D;200828;000000;389.9;391.2;378.8;380.65;3495160
ROSN;D;200831;000000;382.4;385;371.25;373.2;7511950
ROSN;D;200901;000000;375;375.45;369.8;373.9;3555430
ROSN;D;200902;000000;374.45;377.5;367.3;371.5;4524990
ROSN;D;200903;000000;371;372.35;363.3;366.2;4802920
ROSN;D;200904;000000;365.7;372.8;365;372.5;5653510
ROSN;D;200907;000000;370;373.4;367.45;371.4;3413950
ROSN;D;200908;000000;370.5;372.65;364.5;367.9;5020740
ROSN;D;200909;000000;367.8;372.75;367.35;371.8;4596510
ROSN;D;200910;000000;372;373;365.65;366.9;4262410
ROSN;D;200911;000000;367.25;371.7;365.5;370.05;3234080
ROSN;D;200914;000000;372;376.9;370.65;374.45;3274330
ROSN;D;200915;000000;373.1;385.7;373.1;385.3;4044830
ROSN;D;200916;000000;386.3;389.9;381.8;385.75;4940960
ROSN;D;200917;000000;382.6;384.15;378.65;382.55;5316600
ROSN;D;200918;000000;382.55;384;374.5;376.5;4164420
ROSN;D;200921;000000;375.9;375.95;363.4;368.3;6771470
ROSN;D;200922;000000;367.6;375.7;366.75;374.8;4161700
ROSN;D;200923;000000;375.8;379.55;370.15;370.75;3811370
ROSN;D;200924;000000;373.25;379;369.15;376.7;3868270
ROSN;D;200925;000000;378.15;381.5;376.95;381.4;4443610
ROSN;D;200928;000000;382.35;386.45;380.45;385.9;3432800
ROSN;D;200929;000000;386.1;389.4;380.8;384;4541140
ROSN;D;200930;000000;382.9;387.95;381.7;383;3703610
ROSN;D;201001;000000;386.7;389.1;382.1;385.45;5599090
ROSN;D;201002;000000;383.5;384.2;378.1;380.45;5004850
ROSN;D;201005;000000;383;390.7;381.25;390.6;5734850
ROSN;D;201006;000000;391.55;395.7;389.85;390.2;4588390
ROSN;D;201007;000000;390;392.95;385.45;388.85;4071060
ROSN;D;201008;000000;390.15;394.2;386.1;392.5;4039530
ROSN;D;201009;000000;392.25;392.3;383.8;386.55;3072920
ROSN;D;201012;000000;386.1;387.15;382.7;384.15;4426510
ROSN;D;201013;000000;384;384.5;378.15;378.85;2533980
ROSN;D;201014;000000;378.95;385.95;376.4;385.4;3024070
ROSN;D;201015;000000;384.25;384.95;379.2;380.2;3617210
ROSN;D;201016;000000;378.8;384.35;377.95;382.95;3356330
ROSN;D;201019;000000;385.05;385.6;379.5;381.55;3104700
ROSN;D;201020;000000;380.95;385.5;380;384.6;2246790
ROSN;D;201021;000000;384.75;385.3;381.35;383.55;2369990
ROSN;D;201022;000000;382.85;384.85;380;381.8;2904200
ROSN;D;201023;000000;381.45;381.8;378.5;379.85;2406430
ROSN;D;201026;000000;377;378;373.6;374.55;2824480
ROSN;D;201027;000000;375.2;376.9;372.05;372.5;3053650
ROSN;D;201028;000000;371.6;371.8;350.5;350.9;9825060
ROSN;D;201029;000000;353.1;354.2;345;353;8003320
ROSN;D;201030;000000;349;352.35;343.6;349.8;5704950
ROSN;D;201102;000000;346.9;359.55;342.1;359.2;8445110
ROSN;D;201103;000000;360.05;376.8;358.35;374;8066890
ROSN;D;201105;000000;378.3;386.9;372.35;382.4;9341750
ROSN;D;201106;000000;380.45;384.7;378.15;382.35;6410160
ROSN;D;201109;000000;385.2;405;378.15;395.4;15975450
ROSN;D;201110;000000;395.3;418.85;392.25;414.55;11049050
ROSN;D;201111;000000;416.1;429;415.85;419.35;16134680
ROSN;D;201112;000000;418;419.65;410.55;412.3;7707490
ROSN;D;201113;000000;412.1;419.35;408.55;419.35;6385910
ROSN;D;201116;000000;425;435.45;415.65;430.95;12954860
ROSN;D;201117;000000;430.9;441.5;419.8;438.85;15121160
ROSN;D;201118;000000;437.6;460;436.25;452.9;19288970
ROSN;D;201119;000000;452.45;454.1;443.05;451.85;9538980
ROSN;D;201120;000000;450.5;465;446.15;464.8;13300420
ROSN;D;201123;000000;466.7;472.25;463.65;469.6;11202090
ROSN;D;201124;000000;472.5;474.9;462.3;472.2;8975140
ROSN;D;201125;000000;473.25;474.8;467.6;473.3;6841910
ROSN;D;201126;000000;473.45;473.8;463.8;464.75;5961830
ROSN;D;201127;000000;465;466.4;456.65;461.2;6127670
ROSN;D;201130;000000;457.1;458;444.6;449.5;9262240
ROSN;D;201201;000000;448.75;452.3;441.8;446.4;7838630
ROSN;D;201202;000000;445.55;451.8;439.3;448.75;6805840
ROSN;D;201203;000000;448.5;450;428.2;435.35;10752710
ROSN;D;201204;000000;439.55;447.3;437;444.8;8579520
ROSN;D;201207;000000;444.5;445.45;437.55;439.45;5017940
ROSN;D;201208;000000;438.1;438.1;426.7;432.75;7169830
ROSN;D;201209;000000;432.55;441.75;429.6;435.6;7633520
ROSN;D;201210;000000;434.7;452.15;434.5;450.9;8114000
ROSN;D;201211;000000;452;454;445;447.25;6776360
ROSN;D;201214;000000;449;459.4;438.6;441.8;10343570
ROSN;D;201215;000000;438.95;451.5;435.85;451.5;8229620
ROSN;D;201216;000000;451.5;456.4;437.5;444.4;9847650
ROSN;D;201217;000000;445.5;447.95;438.8;442.65;9207790
ROSN;D;201218;000000;441.85;443.95;438.9;440.65;8758360
ROSN;D;201221;000000;435.1;437.4;417.45;423.95;13025190
ROSN;D;201222;000000;419.05;435.45;417.75;430.7;7578620
ROSN;D;201223;000000;429.95;434.5;427;430.15;5233820
ROSN;D;201224;000000;431.35;438;429.2;436.35;3406800
ROSN;D;201225;000000;437.95;437.95;433;436.25;1038930
ROSN;D;201228;000000;436.5;439.95;434.35;435.65;2020410
ROSN;D;201229;000000;437.45;438.85;430.15;434.6;3298800
ROSN;D;201230;000000;435.65;438.45;433.4;435.1;5079040
ROSN;D;210104;000000;435.85;442.6;433;436;6387860
ROSN;D;210105;000000;436.05;450.7;433.3;449.35;6724540
ROSN;D;210106;000000;449.45;454.65;443.7;453.7;8220600
ROSN;D;210108;000000;465.2;481;463.8;478.2;12695070
ROSN;D;210111;000000;474.55;480.1;464;473.25;8789190
ROSN;D;210112;000000;475;479.2;466.25;474.4;7081940
ROSN;D;210113;000000;477;493.95;476.25;485.95;15288640
ROSN;D;210114;000000;485.75;505.65;484.05;505;15394440
ROSN;D;210115;000000;502.9;519.65;498.2;512.2;17888660
ROSN;D;210118;000000;509.8;519;505.25;516.5;10712490
ROSN;D;210119;000000;518.8;524.8;506.65;510.7;12517910
ROSN;D;210120;000000;510.9;514.7;507.55;510.65;4873080
ROSN;D;210121;000000;509.35;512.7;495.65;498;9246850
ROSN;D;210122;000000;494.8;495;485;494.25;8705980
ROSN;D;210125;000000;494.35;502.8;485.4;495.6;7532280
ROSN;D;210126;000000;493.1;498.25;488.1;493.95;4496630
ROSN;D;210127;000000;495.1;497.9;480.55;481.25;9576050
ROSN;D;210128;000000;479.8;485.65;475;483.4;6058190
ROSN;D;210129;000000;480.55;482.45;472;473;5551670
ROSN;D;210201;000000;475.2;478.9;469.5;478.35;6888020
ROSN;D;210202;000000;481.15;488.8;479;482;10407770
ROSN;D;210203;000000;487.65;494.2;482.15;489.95;7491510
ROSN;D;210204;000000;490.4;497.05;484.2;489.2;7943360
ROSN;D;210205;000000;492.45;496.75;490.35;493.95;7633720
ROSN;D;210208;000000;496.05;503.25;496.05;501.75;7730520
ROSN;D;210209;000000;503.8;505;492.4;494.8;6755720
ROSN;D;210210;000000;497.45;498.25;489.35;491.45;5608620
ROSN;D;210211;000000;490.35;501.7;488.15;496.8;6677070
ROSN;D;210212;000000;496.8;509.35;488.6;509.35;11944760
ROSN;D;210215;000000;513;522.45;508.2;521.45;8808290
ROSN;D;210216;000000;522.5;529.4;520.5;525.6;8703560
ROSN;D;210217;000000;524.9;528.15;505.7;515.15;11446210
ROSN;D;210218;000000;514.15;517.65;505.5;506.85;9681490
ROSN;D;210219;000000;505.8;515.15;504;512.75;7455920
ROSN;D;210220;000000;512.5;514;509.05;513.15;909640
ROSN;D;210222;000000;514.05;518.9;509.1;516;4532080
ROSN;D;210224;000000;511.75;518.7;511.15;518.25;6755490
ROSN;D;210225;000000;519.45;536.35;517.95;529.35;13381440
ROSN;D;210226;000000;525.7;533.2;520.45;523.35;10083590
ROSN;D;210301;000000;527.55;530;521.45;524.1;4862650
ROSN;D;210302;000000;519.55;529.85;518.85;526;4799200
ROSN;D;210303;000000;528.85;536.45;527.6;533.8;5959660
ROSN;D;210304;000000;535.2;549.7;533.2;540.1;12456910
ROSN;D;210305;000000;543;561.95;541.55;561;13674760
ROSN;D;210309;000000;558.95;581.45;556;570.6;14348590
ROSN;D;210310;000000;568.55;573.5;557;561.15;9579490
ROSN;D;210311;000000;563.15;572;563.1;572;9568100
ROSN;D;210312;000000;572.75;574.7;566.4;572.25;5931120
ROSN;D;210315;000000;573.2;580.75;572;576.4;9924110
ROSN;D;210316;000000;574.65;577.95;559.3;571.2;17699060
ROSN;D;210317;000000;571.2;574.1;551.25;555.85;15227090
ROSN;D;210318;000000;556.2;559.5;541;544.05;12354360
ROSN;D;210319;000000;542.8;560.95;541.6;560.3;9317510
ROSN;D;210322;000000;558.35;566.9;555.55;562.65;7502970
ROSN;D;210323;000000;560.3;573.45;556.55;565.1;8302870
ROSN;D;210324;000000;566.95;577;564.25;568.05;7805500
ROSN;D;210325;000000;568.6;574.7;566.45;574.65;6834050
ROSN;D;210326;000000;576.05;585.15;575.85;582.2;10211450
ROSN;D;210329;000000;579.5;584.25;572;575.3;8310250
ROSN;D;210330;000000;576.3;579.2;565.3;570.25;6151980
ROSN;D;210331;000000;571;574.95;567.1;572.6;9089920
ROSN;D;210401;000000;574.1;576.75;561.4;568.9;11593270
ROSN;D;210402;000000;568.9;569.9;565.6;566.65;1029300
ROSN;D;210405;000000;567.1;567.75;557.25;560.15;3133260
ROSN;D;210406;000000;562.3;563.15;545.45;547.55;5960860
ROSN;D;210407;000000;547.5;555.55;543.25;551.5;6156110
ROSN;D;210408;000000;549.9;554.8;545.15;549.3;4636060
ROSN;D;210409;000000;547.65;548.7;536.05;538;6256000
ROSN;D;210412;000000;535.2;541.35;532.5;540.15;6139660
ROSN;D;210413;000000;541.3;552.25;534.55;551.95;4892780
ROSN;D;210414;000000;556.05;556.1;546.25;552.1;5658280
ROSN;D;210415;000000;548.6;562.6;545.4;556.5;6284300
ROSN;D;210416;000000;560.05;561.4;549.2;555.05;4001960
ROSN;D;210419;000000;552.05;554.7;546.05;548.05;3363600
ROSN;D;210420;000000;549.9;553.9;537.5;541.05;5466560
ROSN;D;210421;000000;540.8;547.35;538.65;545.7;2814680
ROSN;D;210422;000000;546.25;546.9;536.6;541.6;5871040
ROSN;D;210423;000000;543;544.8;533.95;538.5;5056970
ROSN;D;210426;000000;537.85;537.85;527.5;530.6;5746610
ROSN;D;210427;000000;531.05;533.7;524.5;528;4247670
ROSN;D;210428;000000;529;529.75;522.1;527.95;4575220
ROSN;D;210429;000000;530;536.1;526.05;528.75;6331160
ROSN;D;210430;000000;527.65;529.7;521.55;525.2;5133150
ROSN;D;210504;000000;526.7;538.15;526.3;537.15;5102830
ROSN;D;210505;000000;540;546.8;537.05;538.65;6084410
ROSN;D;210506;000000;540.6;542.8;534.2;538.55;4533640
ROSN;D;210507;000000;540;541.65;533.25;536.2;3166660
ROSN;D;210510;000000;537.2;547.5;533.55;541.95;5096230
ROSN;D;210511;000000;539.9;541.6;528.6;532;5230870
ROSN;D;210512;000000;532.8;551.3;529.85;542.2;8515340
ROSN;D;210513;000000;541;552;539.5;550;6446300
ROSN;D;210514;000000;552;553.7;541.2;545.65;4089830
ROSN;D;210517;000000;545.85;546.1;535.9;545.55;3852360
ROSN;D;210518;000000;546.35;551;538.35;540.45;5971840
ROSN;D;210519;000000;539.6;539.6;526.35;529.5;4943050
ROSN;D;210520;000000;529.55;529.85;514.3;517.35;6585010
ROSN;D;210521;000000;516.8;528.55;515.3;525.55;5372140
ROSN;D;210524;000000;526.85;531.4;519.3;523.95;3162900
ROSN;D;210525;000000;525.15;530.45;523.2;524.35;3535020
ROSN;D;210526;000000;526.3;532.2;522.2;525.85;3743550
ROSN;D;210527;000000;523;525.2;519.8;525.2;4313580
ROSN;D;210528;000000;523.15;525.6;521;523.35;2860970
ROSN;D;210531;000000;525.9;531.65;524;531.4;2560760
ROSN;D;210601;000000;535.25;547.65;533.85;544;9934530
ROSN;D;210602;000000;545;552.45;541.6;552;8902240
ROSN;D;210603;000000;555.45;561.9;540.1;559.45;15161240
ROSN;D;210604;000000;560.4;563.25;554.05;556.45;8560250
ROSN;D;210607;000000;554.2;557.5;547.9;551.55;7101600
ROSN;D;210608;000000;550.9;552.25;544.6;550.25;8276560
ROSN;D;210609;000000;552.65;553.4;546;548.25;7296010
ROSN;D;210610;000000;548.2;551.7;535.65;539.6;13978250
ROSN;D;210611;000000;539.9;542.1;530.2;535.45;8147670
ROSN;D;210614;000000;531.55;541.85;530.7;537.6;4248740
ROSN;D;210615;000000;538.55;542;532.35;536.05;5533100
ROSN;D;210616;000000;537.65;545.75;536.45;541.25;6749360
ROSN;D;210617;000000;539.9;543.85;534;537;15039020
ROSN;D;210618;000000;537;543.4;526.75;541;11471730
ROSN;D;210621;000000;541.35;542.8;534.25;541.2;5184600
ROSN;D;210622;000000;543.05;553.2;542.05;551.85;7529540
ROSN;D;210623;000000;553.35;571.4;553.35;570.45;19196290
ROSN;D;210624;000000;570.45;572.9;565.05;565.95;15281830
ROSN;D;210625;000000;566;566.4;560.65;564.7;3781620
ROSN;D;210628;000000;564.65;564.95;553.05;555;7221370
ROSN;D;210629;000000;554.5;558.75;548;553.05;5988960
ROSN;D;210630;000000;554.9;571.8;551.7;571.2;14688620
ROSN;D;210701;000000;570;586.95;569.65;581.45;34217710
ROSN;D;210702;000000;580.2;585.9;562.85;567;13336120
ROSN;D;210705;000000;567.9;569.9;561;567.5;3911250
ROSN;D;210706;000000;570.05;580.55;565.35;571;20636520
ROSN;D;210707;000000;571.75;583;570;580.25;14458720
ROSN;D;210708;000000;578.95;582;572.65;581.1;13944140
ROSN;D;210709;000000;581.25;586.75;574.1;577.85;16852780
ROSN;D;210712;000000;577.4;579.4;570.5;579;4516390
ROSN;D;210713;000000;578.6;584.1;573;576;7697530
ROSN;D;210714;000000;575.6;582.95;568.8;569;15586430
ROSN;D;210715;000000;567;568;556.3;562.5;6006040
ROSN;D;210716;000000;560.6;570.4;556.85;563.45;4373550
ROSN;D;210719;000000;558;559.4;543.25;543.9;8424760
ROSN;D;210720;000000;547.55;550.6;536.7;547.5;5138390
ROSN;D;210721;000000;547;553.1;543.2;551.9;3752310
ROSN;D;210722;000000;552.8;556.25;549.35;553.65;3432430
ROSN;D;210723;000000;554.8;556;545.2;548.85;2498220
ROSN;D;210726;000000;545.85;552.9;540.2;552.7;3110830
ROSN;D;210727;000000;551.5;553.9;547.15;551.2;1967990
ROSN;D;210728;000000;551;555.7;550.5;554.25;2444670
ROSN;D;210729;000000;555.7;558.1;550.75;554;3634170
ROSN;D;210730;000000;552.4;554.8;539.55;544.5;5236850
ROSN;D;210802;000000;545.05;550.8;541.25;548.85;5232950
ROSN;D;210803;000000;547.7;551;542.2;551;3432600
ROSN;D;210804;000000;551.65;553.2;542.8;543.5;4380870
ROSN;D;210805;000000;542.85;548.7;538.15;548;5503520
ROSN;D;210806;000000;548.95;552.4;544.05;544.9;4442130
ROSN;D;210809;000000;539.6;548;535.25;545;7267800
ROSN;D;210810;000000;547.6;564.1;547;562.55;7887670
ROSN;D;210811;000000;564.05;568.4;558.85;561.8;4532310
ROSN;D;210812;000000;561.45;567.85;557.2;565.9;5487290
ROSN;D;210813;000000;565.4;568.7;555;558.55;4781590
ROSN;D;210816;000000;556.6;567.65;551.5;564.4;15423440
ROSN;D;210817;000000;562.85;563;552.9;555;9540250
ROSN;D;210818;000000;557.8;559.9;542.25;546.95;8538510
ROSN;D;210819;000000;543.85;547.75;531.45;537.8;11527470
ROSN;D;210820;000000;538;538.35;530.1;534;3352790
ROSN;D;210823;000000;538.15;545.45;536.1;544.85;3373360
ROSN;D;210824;000000;545.9;549.55;539.25;545;5419300
ROSN;D;210825;000000;544.5;545.75;536.55;538.5;4318270
ROSN;D;210826;000000;538.45;538.85;531.5;531.7;3971600
ROSN;D;210827;000000;533.75;538.2;533.1;537.8;3075140
ROSN;D;210830;000000;539.55;540.95;536.35;539.3;2549170
ROSN;D;210831;000000;540;540.4;531.55;533.6;5183626
ROSN;D;210901;000000;536.35;541.75;534.8;541.55;4941116
ROSN;D;210902;000000;542.1;556.2;538.1;550.7;10439019
ROSN;D;210903;000000;551.6;556.9;550.45;555.4;5482506
ROSN;D;210906;000000;554.95;557.15;548.2;550.7;3360967
ROSN;D;210907;000000;552.1;554.4;542;547.3;3480092
ROSN;D;210908;000000;547.3;559;541.5;555.9;7043556
ROSN;D;210909;000000;554.15;555.4;541.3;541.9;4384237
ROSN;D;210910;000000;545;549.2;540.2;543.3;2322338
ROSN;D;210913;000000;545;559.5;544.15;559.4;4595572
ROSN;D;210914;000000;560.05;563.5;554.1;557.25;7735432
ROSN;D;210915;000000;557.75;589.8;557.75;568.1;26550527
ROSN;D;210916;000000;563.05;584.3;563.05;576.45;15645229
ROSN;D;210917;000000;578.75;580.25;562.05;567.1;9394921
ROSN;D;210920;000000;559.95;562.6;548;552.5;8365982
ROSN;D;210921;000000;561.8;568.5;555.45;564.5;8998022
ROSN;D;210922;000000;568.35;588.9;567;586;13349752
ROSN;D;210923;000000;590.05;599;581.4;598.25;12874113
ROSN;D;210924;000000;598.5;618;590.5;614;12936275
ROSN;D;210927;000000;618.6;629.95;617.4;627.85;12910231
ROSN;D;210928;000000;632.4;639.9;613.5;617.85;18367554
ROSN;D;210929;000000;613.55;623.35;609.3;618.9;9087231
ROSN;D;210930;000000;624.05;626.85;610.1;614.35;10297724
ROSN;D;211001;000000;610.85;619.8;606.55;618.45;5764893
ROSN;D;211004;000000;618.5;637;602.75;631.7;46363135
ROSN;D;211005;000000;632.2;656;625.65;655.25;15635516
ROSN;D;211006;000000;660.85;663.35;631.6;646;16111331
ROSN;D;211007;000000;647.1;651.85;630.15;647.95;11233197
ROSN;D;211008;000000;633.6;640;630.1;631;8047822
ROSN;D;211011;000000;639.1;647.25;637;641.55;6872039
ROSN;D;211012;000000;637.55;643.2;633.1;638.65;4941173
ROSN;D;211013;000000;638.65;640.85;614.65;632.85;7485931
ROSN;D;211014;000000;638;650;635.2;640.45;10229151
ROSN;D;211015;000000;643.5;647.9;637.5;645.45;6738211
ROSN;D;211018;000000;646.8;647.65;637.7;639.25;5036469
ROSN;D;211019;000000;641;643;634.75;643;5663700
ROSN;D;211020;000000;639.6;644.7;633.5;643.7;5596533
ROSN;D;211021;000000;639.1;644.25;630;633.3;4564211
ROSN;D;211022;000000;631.6;640.45;630.3;634.5;3649871
ROSN;D;211025;000000;638.85;655.8;631.65;655.05;9388919
ROSN;D;211026;000000;655.45;665.7;649.3;650.8;8827620
ROSN;D;211027;000000;646.5;649.9;637.55;638.4;6329974
ROSN;D;211028;000000;637.75;642;622.35;641.25;8120289
ROSN;D;211029;000000;640.05;643;628.4;636.1;4389229
ROSN;D;211101;000000;637.3;643.25;633;641.9;3588096
ROSN;D;211102;000000;643;646.3;628.55;630.2;5466752
ROSN;D;211103;000000;627.05;627.95;615.45;619.75;5031666
ROSN;D;211105;000000;612.9;626.75;605.2;626.25;4546613
ROSN;D;211108;000000;633.05;636.5;628.35;631.7;4990315
ROSN;D;211109;000000;632.35;637.95;629.3;636.4;4360738
ROSN;D;211110;000000;638.05;642.5;627;629.8;5304044
ROSN;D;211111;000000;631;636.25;623.25;634.5;5634062
ROSN;D;211112;000000;633.35;637.4;611.4;619.2;7937449
ROSN;D;211115;000000;617.75;629.4;614.45;621.55;3980589
ROSN;D;211116;000000;625.15;629.45;617;621.35;3811216
ROSN;D;211117;000000;621;626.7;618.55;619.5;4420826
ROSN;D;211118;000000;618.05;621.95;610.25;614.1;4663819
ROSN;D;211119;000000;617.8;618.3;590;590.5;8017558
ROSN;D;211122;000000;589.75;593.05;572.25;581;12336825
ROSN;D;211123;000000;578.45;603;570;601.95;12190002
ROSN;D;211124;000000;604.35;605;586.2;597.3;5423150
ROSN;D;211125;000000;599.25;602.45;587.15;590.9;3083417
ROSN;D;211126;000000;578.5;578.5;555;555.15;9200003
ROSN;D;211129;000000;567.05;579;559.4;573.25;7682058
ROSN;D;211130;000000;565;573.25;557;566.1;10573950
ROSN;D;211201;000000;573.35;582;568;569.95;6577141
ROSN;D;211202;000000;572;583.7;567.2;582;10193220
ROSN;D;211203;000000;584;584.45;573;576.55;5525522
ROSN;D;211206;000000;581;582;568.6;575.55;3715475
ROSN;D;211207;000000;575.95;591.2;571;589.55;7751532
ROSN;D;211208;000000;591;595.15;569;574.95;8777660
ROSN;D;211209;000000;576.75;580.3;570;578.35;4300435
ROSN;D;211210;000000;578.6;579.45;570.05;572.1;2667972
ROSN;D;211213;000000;574;577.85;536.6;539.15;8615617
ROSN;D;211214;000000;538.5;557.95;503.15;550.85;9993779
ROSN;D;211215;000000;551;561.9;547;561.1;4992591
ROSN;D;211216;000000;564.5;579.65;561.95;573;7112994
ROSN;D;211217;000000;573;575;563.05;573.2;4598269
ROSN;D;211220;000000;567.25;569;555.45;567.55;3787017
ROSN;D;211221;000000;569.55;576.3;567.7;575;3338615
ROSN;D;211222;000000;574.95;582.2;570.55;579.7;5356633
ROSN;D;211223;000000;583;583;571.15;579.1;3636008
ROSN;D;211224;000000;579.1;579.75;564.15;572.05;2327282
ROSN;D;211227;000000;573;582.5;571.4;582;3257973
ROSN;D;211228;000000;582.4;599.1;581.25;596.2;5294643
ROSN;D;211229;000000;596.65;600;586.3;592;4514915
ROSN;D;211230;000000;592;601.6;589.1;599;3427321
ROSN;D;220103;000000;599.9;614.35;598.8;610.95;3162368
ROSN;D;220104;000000;610.9;617;605.55;613.5;2374396
ROSN;D;220105;000000;612.15;616.2;582.8;590.3;4251711
ROSN;D;220106;000000;588.25;605.25;580.6;601.6;6597850
ROSN;D;220110;000000;604.05;609.55;595.1;602;5045398
ROSN;D;220111;000000;602.2;615.9;597.2;613.6;5415013
ROSN;D;220112;000000;615.95;630.6;609.25;627.7;7173233
ROSN;D;220113;000000;625.65;627.3;596.2;603.3;10209364
ROSN;D;220114;000000;602.4;611;580.5;605.5;11067228
ROSN;D;220117;000000;605;614;578.05;592.55;10479477
ROSN;D;220118;000000;592.65;598.7;525.1;544.8;28061547
ROSN;D;220119;000000;542.1;575.4;523.1;566.9;19043865
ROSN;D;220120;000000;569;581;552.3;561.7;10198569
ROSN;D;220121;000000;557.4;579.2;553;564.8;12076647
ROSN;D;220124;000000;564.1;566.8;523.95;546.9;16363655
ROSN;D;220125;000000;546.45;556;522.7;548.4;15167418
ROSN;D;220126;000000;548;550.5;525.55;532.75;18079522
ROSN;D;220127;000000;529.95;578;526.1;563.2;16896068
ROSN;D;220128;000000;568.85;574.85;556.1;566.5;11502462
ROSN;D;220131;000000;568;579.9;566.25;576.95;7018604
ROSN;D;220201;000000;577;583.9;570.05;574.15;7303417
ROSN;D;220202;000000;574.35;580.25;568.9;575.7;4807013
ROSN;D;220203;000000;574.95;575.25;562.7;569;4482161
ROSN;D;220204;000000;570.35;606.75;561.2;572;23184382
ROSN;D;220207;000000;570;577.7;562.75;569.8;5980171
ROSN;D;220208;000000;569.85;574.95;563.55;570.05;7774677
ROSN;D;220209;000000;571;582.5;569.05;579;10679051
ROSN;D;220210;000000;579;580.25;569;569.4;6254258
ROSN;D;220211;000000;570;572.65;540;547.4;13231543
ROSN;D;220214;000000;547.3;562.45;532.65;556;11825844
ROSN;D;220215;000000;557.85;574.45;555.55;565.95;9418853
ROSN;D;220216;000000;566.85;575.8;563.85;571.55;7721680
ROSN;D;220217;000000;571;571.8;541.05;549.5;13817530
ROSN;D;220218;000000;550.15;556.1;513.15;519.5;17358290
ROSN;D;220221;000000;518.55;533.75;387.65;438.7;59637755
ROSN;D;220222;000000;438.7;457;395.8;431.3;79549540
ROSN;D;220224;000000;388.35;388.35;175.5;274.7;70911815
ROSN;D;220225;000000;283;318.55;280.25;307.95;34248855
ROSN;D;220324;000000;312.1;375;308;360.2;18213961
ROSN;D;220325;000000;370;384.2;346.5;365.1;9924181
ROSN;D;220328;000000;357.8;369;341.2;357.95;2585586
ROSN;D;220329;000000;363.85;417.95;348.2;370;6428661
ROSN;D;220330;000000;385;392;375;387;2285686
ROSN;D;220331;000000;393.15;440;387.15;437.5;7601321
ROSN;D;220401;000000;441;484;430.35;450;6229594
ROSN;D;220404;000000;450.3;478;432;443.9;5202613
ROSN;D;220405;000000;445.6;451.15;391.45;419;5766225
ROSN;D;220406;000000;416.1;429.4;402;405;3830992
ROSN;D;220407;000000;406.95;414;402;408.5;3645861
ROSN;D;220408;000000;409.55;416;395.35;403.05;2295945
ROSN;D;220411;000000;403.5;427.95;399.05;414;5473292
ROSN;D;220412;000000;416.85;424;392;412.1;3103890
ROSN;D;220413;000000;413.25;417.5;401.55;406.05;1892680
ROSN;D;220414;000000;406.1;407.5;390.75;391;1854938
ROSN;D;220415;000000;392.45;395.95;380;390.5;1783321
ROSN;D;220418;000000;393;395;381.55;384.85;1661402
ROSN;D;220419;000000;384.8;385.25;358.5;385;3365722
ROSN;D;220420;000000;388;399.3;375;391;2922953
ROSN;D;220421;000000;393.3;398.7;385.05;388;1848019
ROSN;D;220422;000000;389.1;407.3;385.7;397.35;2553263
ROSN;D;220425;000000;396.7;397;387.75;388.5;1432689
ROSN;D;220426;000000;389.95;400.95;389.55;391;3063368
ROSN;D;220427;000000;394.35;409.9;390.7;397.95;3422606
ROSN;D;220428;000000;399.35;404.8;392.15;400;2661526
ROSN;D;220429;000000;398.1;409.9;397.05;409;2908983
ROSN;D;220504;000000;410.05;414.85;394.6;396.2;1740542
ROSN;D;220505;000000;397.2;403.05;396.8;397;869091
ROSN;D;220506;000000;395.8;398.4;391;392.3;829676
ROSN;D;220511;000000;393.5;396.35;388.6;391.55;987864
ROSN;D;220512;000000;391.55;393.25;370.5;375;2160058
ROSN;D;220513;000000;379;379;367.5;374.95;940034
ROSN;D;220516;000000;374.95;383;374;378.8;1391245
ROSN;D;220517;000000;382.9;395.4;381.1;394.7;2135854
ROSN;D;220518;000000;397.45;406;395.7;404;2417912
ROSN;D;220519;000000;402.9;405.95;395.15;399.6;906641
ROSN;D;220520;000000;400.35;402.7;380.3;384.25;2036082
ROSN;D;220523;000000;384.25;389;365;367.05;2574290
ROSN;D;220524;000000;366.85;367;350;359.2;3587892
ROSN;D;220525;000000;362.15;382;356.5;378;3703265
ROSN;D;220526;000000;383.55;392.55;375.7;391.7;4912042
ROSN;D;220527;000000;393.95;408.3;385.15;401.5;6106650
ROSN;D;220530;000000;407.05;414.5;381.75;385.1;6965693
ROSN;D;220531;000000;385.55;386.7;375.15;377;2615630
ROSN;D;220601;000000;374.35;380.35;371;375.95;1984344
ROSN;D;220602;000000;375.4;378.7;368;368.75;2216202
ROSN;D;220603;000000;369.95;371.45;360;365.45;2198488
ROSN;D;220606;000000;368.55;373.9;364.1;368.8;2844787
ROSN;D;220607;000000;368.8;369;362.05;366.55;2149852
ROSN;D;220608;000000;367.1;375;367;372.85;2236115
ROSN;D;220609;000000;376;378.3;367.25;373.25;1803116
ROSN;D;220610;000000;372;374.6;368.1;369.5;1493272
ROSN;D;220614;000000;369.7;373.6;366;371.6;1515280
ROSN;D;220615;000000;372.05;376.05;370.4;375.65;2355241
ROSN;D;220616;000000;376.8;389.8;375.35;383;5980522
ROSN;D;220617;000000;383.95;386.65;379;384.45;2393559
ROSN;D;220620;000000;382.3;389.8;382.1;389.8;2156915
ROSN;D;220621;000000;389.2;391.9;381.1;381.3;2809222
ROSN;D;220622;000000;380.15;380.8;371.05;377.6;2693525
ROSN;D;220623;000000;377.85;381.85;375;378.4;2266540
ROSN;D;220624;000000;377.9;378.7;373.8;377;1491968
ROSN;D;220627;000000;377;378.75;372.6;376.65;1274645
ROSN;D;220628;000000;377.1;385.2;373.55;381.85;2959978
ROSN;D;220629;000000;381.95;386.5;374.25;384.2;2922665
ROSN;D;220630;000000;386.1;387.35;348.05;362.25;9739420
ROSN;D;220701;000000;391.85;393.7;373.75;375.15;6666138
ROSN;D;220704;000000;376.85;380.35;367.5;371.6;2460916
ROSN;D;220705;000000;372.5;377.15;365.05;371.5;2645980
ROSN;D;220706;000000;371.6;378.7;368.4;369.65;2481350
ROSN;D;220707;000000;370.2;372.8;363.1;364.95;3717260
ROSN;D;220708;000000;344;356.5;343.05;351.2;5583443
ROSN;D;220711;000000;352.55;355.9;343.05;343.8;2394359
ROSN;D;220712;000000;342.85;342.9;327.6;333.5;3576808
ROSN;D;220713;000000;334.1;335.45;317.1;321;3985846
ROSN;D;220714;000000;320;324.75;311.5;315.45;3524456
ROSN;D;220715;000000;316.75;332.5;314.05;330.5;3847696
ROSN;D;220718;000000;334.15;334.55;322.2;326;2760087
ROSN;D;220719;000000;325.9;327.2;316.25;320.75;1953143
ROSN;D;220720;000000;322.15;333.75;319.65;330;3145115
ROSN;D;220721;000000;330.25;332.9;318.55;328.2;2399635
ROSN;D;220722;000000;329.4;341.45;328.5;340;3929627
ROSN;D;220725;000000;339;342.2;335;336.6;2013698
ROSN;D;220726;000000;339.5;347;338.05;347;2843250
ROSN;D;220727;000000;347;352.5;345.05;348.7;2811572
ROSN;D;220728;000000;349.45;351.65;340.2;344.3;2275177
ROSN;D;220729;000000;343.55;354.55;341.7;353;4175426
ROSN;D;220801;000000;354.2;354.45;345.4;348;4261483
ROSN;D;220802;000000;346.5;347.95;334;335.8;3330843
ROSN;D;220803;000000;336.8;338.95;329;330.25;2719183
ROSN;D;220804;000000;330.2;330.3;323;324.6;2346079
ROSN;D;220805;000000;325.35;327;316.1;322.7;3255246
ROSN;D;220808;000000;331.5;332.7;324.25;327.35;2629447
ROSN;D;220809;000000;327.4;340.3;324.1;339.65;2738993
ROSN;D;220810;000000;339.95;340.7;335;339.5;2081531
ROSN;D;220811;000000;341.15;342.8;333;333;2529858
ROSN;D;220812;000000;332.8;337.3;330.65;336.2;1376997
ROSN;D;220815;000000;335.9;338;332.55;335.9;1562737
ROSN;D;220816;000000;337;349.45;335.65;348;4026238
ROSN;D;220817;000000;348.95;351;342.85;344.1;2324271
ROSN;D;220818;000000;344;347.45;341.6;346.4;1564580
ROSN;D;220819;000000;346.35;347.15;343.15;344.8;1066531
ROSN;D;220822;000000;344.4;349.6;343.6;349.6;1992519
ROSN;D;220823;000000;349;356.3;347.15;356;3345305
ROSN;D;220824;000000;356.6;359.45;356;358.2;2530264
ROSN;D;220825;000000;358.85;360;353.2;355.6;2184378
ROSN;D;220826;000000;356.25;361.9;354.45;361.5;1570917
ROSN;D;220829;000000;361.75;368.95;361.1;367.3;2618097
ROSN;D;220830;000000;367.7;370;360.5;361.3;3832323
ROSN;D;220831;000000;372;381.4;364.5;368;5308646
ROSN;D;220901;000000;368;374;361.8;373.5;5054994
ROSN;D;220902;000000;375.05;389.95;373.5;385.1;8632583
ROSN;D;220905;000000;386.5;387.75;372;385.1;4103293
ROSN;D;220906;000000;384.9;385.85;362;375.7;8055908
ROSN;D;220907;000000;374.9;382.85;368;375.95;5268899
ROSN;D;220908;000000;375;376;368.25;374.4;2755050
ROSN;D;220909;000000;375.1;378.8;371.55;378;3844883
ROSN;D;220912;000000;377.5;383.75;374.7;379.4;3690272
ROSN;D;220913;000000;380.75;381.25;372.05;373.4;2617199
ROSN;D;220914;000000;373;377.5;366.9;375.75;3974919
ROSN;D;220915;000000;377;382.9;364;367.3;14038205
ROSN;D;220916;000000;367.2;367.2;358.3;359.05;7936431
ROSN;D;220919;000000;356.95;362.9;355.1;358.25;3368523
ROSN;D;220920;000000;356.7;357.8;313.05;330.9;18176875
ROSN;D;220921;000000;288;323.6;278.2;312.55;12375456
ROSN;D;220922;000000;312.55;323.5;309.6;315.5;6830775
ROSN;D;220923;000000;315.5;315.55;293.05;296.7;8325513
ROSN;D;220926;000000;289.95;289.95;252.2;257.9;14870275
ROSN;D;220927;000000;263.1;270.55;255;266.95;9501928
ROSN;D;220928;000000;265.9;272;257.55;263;6308755
ROSN;D;220929;000000;262.95;266.45;249.5;256.05;8565457
ROSN;D;220930;000000;258.05;269.9;245.65;264.05;9066974
ROSN;D;221003;000000;266.3;287.9;265.25;287.9;8551298
ROSN;D;221004;000000;289.9;292.3;276.2;283.75;8373023
ROSN;D;221005;000000;283.3;289.35;265.1;283;13128938
ROSN;D;221006;000000;285;295.95;281.65;286.8;8274505
ROSN;D;221007;000000;285.85;287.2;268.5;269;8090116
ROSN;D;221010;000000;259.1;279;259.05;277.85;8342785
ROSN;D;221011;000000;278.2;288;276.2;287.3;4617571
ROSN;D;221012;000000;288.3;294.2;281.05;292;5575181
ROSN;D;221013;000000;292.15;299.6;290.35;298.8;6541309
ROSN;D;221014;000000;299.9;302.8;292.25;299.55;5740682
ROSN;D;221017;000000;300;314.5;298.05;313.45;7376758
ROSN;D;221018;000000;315.2;316.6;302.9;305.45;6853417
ROSN;D;221019;000000;303.95;309.5;298.25;307.95;6067793
ROSN;D;221020;000000;309.8;314;306.2;310.85;4740409
ROSN;D;221021;000000;310.8;312.9;305.05;311.3;3571708
ROSN;D;221024;000000;313;316.55;311.35;313.6;3001916
ROSN;D;221025;000000;313;332.4;312.25;332.4;8595433
ROSN;D;221026;000000;333;342.4;326.15;340.65;10277381
ROSN;D;221027;000000;341.6;347.95;337.7;343.85;8412338
ROSN;D;221028;000000;342.15;344.55;338.2;341.8;5157149
ROSN;D;221031;000000;341.85;342.95;331.25;333.9;6383877
ROSN;D;221101;000000;334.8;335.95;330.05;332.35;3190664
ROSN;D;221102;000000;333.2;339.7;330.5;333.7;4335100
ROSN;D;221103;000000;333.45;335.85;328.85;335;3999284
ROSN;D;221107;000000;338;357.45;337.3;356.7;12052408
ROSN;D;221108;000000;356.8;359.2;349.3;351.95;6699700
ROSN;D;221109;000000;350.95;353.1;346.15;348.6;5644304
ROSN;D;221110;000000;348.6;359.85;348;358.25;5927437
ROSN;D;221111;000000;360;363.5;350;356.95;8625336
ROSN;D;221114;000000;357.65;358.6;348.35;350.85;6913315
ROSN;D;221115;000000;350.5;351;326.75;338.4;7654743
ROSN;D;221116;000000;339.95;344.95;338.5;342.5;3552415
ROSN;D;221117;000000;342.4;343.4;335.2;336.95;3692948
ROSN;D;221118;000000;336.65;338.4;332.85;336.9;2564558
ROSN;D;221121;000000;335.6;336.1;324.8;331.85;6241129
ROSN;D;221122;000000;331.9;337.1;330.4;334.95;3797480
ROSN;D;221123;000000;335.8;339.5;331.25;337.95;3929361
ROSN;D;221124;000000;338.25;339.2;333.75;334.75;2218152
ROSN;D;221125;000000;334.1;337;332.4;335.9;1942921
ROSN;D;221128;000000;332.75;334.8;328.05;333.2;4274004
ROSN;D;221129;000000;335.05;337.5;333.6;335.9;1714394
ROSN;D;221130;000000;336.1;336.6;334.15;336.25;1228651
ROSN;D;221201;000000;336.4;338.35;334.85;335.9;1975277
ROSN;D;221202;000000;336.1;336.35;334.2;335;1036774
ROSN;D;221205;000000;334.9;344.7;333.25;340.45;4040604
ROSN;D;221206;000000;341.5;343.3;335.25;336;1934247
ROSN;D;221207;000000;335.85;337;330.5;335.1;3295443
ROSN;D;221208;000000;335.75;336.95;333.15;333.7;1116998
ROSN;D;221209;000000;334;337;333.35;336.15;1416085
ROSN;D;221212;000000;336.2;339.7;333;335.2;1585537
ROSN;D;221213;000000;336;337.95;334.05;337.4;1232486
ROSN;D;221214;000000;337.55;337.9;333.05;333.5;1407458
ROSN;D;221215;000000;333.6;334;327.4;328;2220999
ROSN;D;221216;000000;328.25;331.95;326.05;330.9;1595817
ROSN;D;221219;000000;330.95;337;329.1;333;1978774
ROSN;D;221220;000000;334;345.2;333.1;344.15;3291044
ROSN;D;221221;000000;346;348;340.35;345.2;2998701
ROSN;D;221222;000000;346.2;348.2;343.15;344.7;2000261
ROSN;D;221223;000000;345;346.25;340.3;343.3;1398401
ROSN;D;221226;000000;343.7;353.15;343.7;352.4;3574585
ROSN;D;221227;000000;353.2;356.3;352.5;355.45;2134255
ROSN;D;221228;000000;355.55;356.65;353.9;355.1;1786398
ROSN;D;221229;000000;354.45;360.65;354.05;359.6;2420848
ROSN;D;221230;000000;360.3;365.75;359.15;365.4;2507541
ROSN;D;230103;000000;367.95;372.75;366.2;368.05;2635083
ROSN;D;230104;000000;366.8;367.6;363.25;365.8;1789053
ROSN;D;230105;000000;366.9;369;365.8;367.5;1321431
ROSN;D;230106;000000;367.8;368.5;366.75;367.3;937068
ROSN;D;230109;000000;368.2;369.7;366.05;367.95;4329092
ROSN;D;230110;000000;367.5;368;362.2;366.75;5570861
ROSN;D;230111;000000;347.7;350.5;345;347.35;8044367
ROSN;D;230112;000000;347.2;347.8;345.6;346.85;1526709
ROSN;D;230113;000000;345.95;347;345.35;346.05;1402647
ROSN;D;230116;000000;346.45;347.6;345.05;345.8;1708966
ROSN;D;230117;000000;345.8;345.9;340.3;341.35;2007008
ROSN;D;230118;000000;340.35;345.9;340.15;344.15;2037299
ROSN;D;230119;000000;343.35;343.85;339;339.8;1690616
ROSN;D;230120;000000;339.9;340.45;334.5;336.55;2284023
ROSN;D;230123;000000;338.45;340.25;336.2;340.05;1145184
ROSN;D;230124;000000;340.9;343;335.8;336.75;1841876
ROSN;D;230125;000000;336.55;338.8;335.4;338.2;1287985
ROSN;D;230126;000000;338.4;339.2;334.1;335;2092559
ROSN;D;230127;000000;335;337.8;333.4;336.95;1448818
ROSN;D;230130;000000;337.1;338.7;335.5;337.65;1338101
ROSN;D;230131;000000;337.1;340.9;337.1;340.75;2098303
ROSN;D;230201;000000;340.95;344.4;340.9;343;2819914
ROSN;D;230202;000000;344;344.95;341.45;342.1;1673667
ROSN;D;230203;000000;341.95;343.75;339;341.85;1672596
ROSN;D;230206;000000;341.45;347.95;341.1;347.1;2995646
ROSN;D;230207;000000;348;358.15;346.75;355.25;5376588
ROSN;D;230208;000000;355.75;359.35;348.05;349.85;4770176
ROSN;D;230209;000000;359.25;359.3;347.05;350.2;2588044
ROSN;D;230210;000000;349.1;351.8;347.3;351;1610662
ROSN;D;230213;000000;350.25;355;349.2;349.4;1646336
ROSN;D;230214;000000;349.8;350.4;343.5;344.2;3186088
ROSN;D;230215;000000;343.45;346;334.4;339.6;3431162
ROSN;D;230216;000000;341.25;344.95;340.55;342.55;1701978
ROSN;D;230217;000000;341.65;346.8;339.4;345.1;1785199
ROSN;D;230220;000000;345.1;348.45;339;347.1;2425494
ROSN;D;230221;000000;347;354.6;347;352.65;3527598
ROSN;D;230222;000000;352.7;354.65;349.4;353.75;1608221
ROSN;D;230224;000000;354.1;355.65;350.15;352.45;1163806
ROSN;D;230227;000000;350.75;359;350.35;357.75;2345050
ROSN;D;230228;000000;357.75;361.35;356.35;358.4;2607421
ROSN;D;230301;000000;359.15;364.45;358.6;361.4;2677111
ROSN;D;230302;000000;361.55;361.9;354.15;355.05;3621043
ROSN;D;230303;000000;354.2;359.6;354.2;358.8;1633385
ROSN;D;230306;000000;361.8;365.95;359.8;365.35;2468996
ROSN;D;230307;000000;365.4;366;362.75;364.3;2050678
ROSN;D;230309;000000;364.95;366.45;362.65;364;1634522
ROSN;D;230310;000000;363;366.55;359.55;365.9;2267757
ROSN;D;230313;000000;366.25;368.25;360.05;363.5;3128959
ROSN;D;230314;000000;362.4;371;362;364.55;2797705
ROSN;D;230315;000000;364.85;367.9;355.5;357.95;3624140
ROSN;D;230316;000000;357.4;359.5;353.2;359.2;2199481
ROSN;D;230317;000000;360.3;366;357.25;365.2;4449517
ROSN;D;230320;000000;366.3;380;364.65;377.4;6743530
ROSN;D;230321;000000;379.45;384.7;367.65;371.8;6548585
ROSN;D;230322;000000;371.65;379.7;368.25;375.5;3341038
ROSN;D;230323;000000;375.75;378.05;371.8;374.45;1740017
ROSN;D;230324;000000;375.15;378;373.4;377.25;1229053
ROSN;D;230327;000000;378.6;384.95;377.65;383.25;2926400
ROSN;D;230328;000000;384.15;384.55;377.65;381.5;2267865
ROSN;D;230329;000000;382.6;386.65;378.15;385.45;3172485
ROSN;D;230330;000000;385.6;387.85;383;386.15;1695216
ROSN;D;230331;000000;386.5;386.9;376.1;380.9;3095377
ROSN;D;230403;000000;393.8;396;388.1;390.9;6287163
ROSN;D;230404;000000;391.75;394.1;387.25;390;3240344
ROSN;D;230405;000000;390.3;391.95;382.15;389.7;2649736
ROSN;D;230406;000000;390.05;393.4;388.6;389.8;2656065
ROSN;D;230407;000000;390.75;392.2;386.65;391.7;1793265
ROSN;D;230410;000000;391.9;395.45;391.2;393.5;2506465
ROSN;D;230411;000000;394.65;397.45;385.1;388.35;3439379
ROSN;D;230412;000000;388.65;391.9;388.1;390.9;1481347
ROSN;D;230413;000000;391.65;391.8;387.3;390.1;1102799
ROSN;D;230414;000000;390;394;385.25;392.4;2198781
ROSN;D;230417;000000;394;395.95;392.6;395.85;2063995
ROSN;D;230418;000000;396;398.85;393.85;397;2295714
ROSN;D;230419;000000;397.3;402.95;394.9;396.1;4245021
ROSN;D;230420;000000;395.75;399;390.05;396.5;3420740
ROSN;D;230421;000000;397.75;401;394.55;398.75;1853982
ROSN;D;230424;000000;398.35;400.95;396.8;400.4;1468056
ROSN;D;230425;000000;399.8;400.75;395;396.45;1324609
ROSN;D;230426;000000;396.3;399.5;395.45;395.75;1228446
ROSN;D;230427;000000;396.05;398.6;394.35;398.25;1296634
ROSN;D;230428;000000;398.95;399.75;393.3;393.8;2142986
ROSN;D;230502;000000;393.95;395.8;387.5;390;2594432
ROSN;D;230503;000000;390.05;390.15;377.05;378;2927388
ROSN;D;230504;000000;378.3;382.1;376;379.95;1920188
ROSN;D;230505;000000;379.5;383;376;378.65;1808969
ROSN;D;230508;000000;379.9;382.6;378.75;381.1;676469
ROSN;D;230510;000000;380.95;393.45;380.05;392.1;2254064
ROSN;D;230511;000000;392.55;398.95;387.4;391.65;4191772
ROSN;D;230512;000000;391.8;398.95;390.7;398.95;2476168
ROSN;D;230515;000000;399;409;397.15;407.85;4892364
ROSN;D;230516;000000;408.9;413.8;405.25;410.75;3074107
ROSN;D;230517;000000;410.8;418.95;406.05;414.8;2878133
ROSN;D;230518;000000;416.15;417;411.25;414.1;2790932
ROSN;D;230519;000000;414.25;415.95;410.15;413.65;2376135
ROSN;D;230522;000000;417;428.35;414.2;424.5;4214249
ROSN;D;230523;000000;425.2;427.85;419.4;424.8;3056110
ROSN;D;230524;000000;425.25;440;422.9;436;5451954
ROSN;D;230525;000000;437.85;438.7;428.55;430.15;5200097
ROSN;D;230526;000000;428.85;434.65;425.3;432.9;3217862
ROSN;D;230529;000000;435.35;441.7;435;440.45;4293959
ROSN;D;230530;000000;437.95;444.5;431;434.5;6063258
ROSN;D;230531;000000;433.6;451.75;431.3;450.1;9672031
ROSN;D;230601;000000;452.05;458.85;448;451.5;5614408
ROSN;D;230602;000000;453.5;459;452.3;458.95;3256858
ROSN;D;230605;000000;466;472.45;454.5;458.6;7136698
ROSN;D;230606;000000;457.15;464.9;449.25;462.1;3966640
ROSN;D;230607;000000;462.15;467.95;455.8;459.85;3226315
ROSN;D;230608;000000;459.9;463.8;456;458.15;1744934
ROSN;D;230609;000000;459.45;464.25;456.75;463.5;2768614
ROSN;D;230613;000000;465.6;480;464.7;479.85;5943556
ROSN;D;230614;000000;481.95;482.85;475.2;478.4;3811387
ROSN;D;230615;000000;479.2;482;475.5;481.75;4196826
ROSN;D;230616;000000;482.25;483.7;477.3;480.4;2314326
ROSN;D;230619;000000;482.4;486.4;478;485.85;3935767
ROSN;D;230620;000000;486.95;489.65;475.65;483.4;3786462
ROSN;D;230621;000000;482.5;485.7;478.8;481.35;2000281
ROSN;D;230622;000000;481.45;482.95;470.55;475.45;2304212
ROSN;D;230623;000000;474.3;481;466.1;467.55;5051402
ROSN;D;230626;000000;470.15;479.35;463.95;474.4;3776916
ROSN;D;230627;000000;475.85;480;470.45;475.85;3129590
ROSN;D;230628;000000;476;478.95;474.15;477.05;1830009
ROSN;D;230629;000000;477.15;483.8;477;482.1;3360300
ROSN;D;230630;000000;482.75;484.5;480.7;482.35;1741581
ROSN;D;230703;000000;483.6;484.5;476.55;478.05;2565081
ROSN;D;230704;000000;478.3;479.15;467.6;473.4;2830233
ROSN;D;230705;000000;474.2;478.5;472.25;473.9;2546844
ROSN;D;230706;000000;473.5;480;473.5;476.75;3392491
ROSN;D;230707;000000;476;482.95;474.5;482.4;4037618
ROSN;D;230710;000000;470.1;477.95;470;477.45;4504388
ROSN;D;230711;000000;477.5;479.45;475.75;478.8;1451978
ROSN;D;230712;000000;478.75;487.85;477.95;487.05;4910749
ROSN;D;230713;000000;489.2;495.8;482.3;488.4;4482654
ROSN;D;230714;000000;487.55;489.95;484.3;487.65;1888727
ROSN;D;230717;000000;486;491.8;484;489.3;2939269
ROSN;D;230718;000000;489.2;492.6;488.6;490.15;2392982
ROSN;D;230719;000000;491;492.05;482.55;485.95;2571885
ROSN;D;230720;000000;485.9;487;475;475.1;2900014
ROSN;D;230721;000000;475.8;483.95;475.35;483.2;2824129
ROSN;D;230724;000000;483.2;484.5;480;481.6;1654705
ROSN;D;230725;000000;482.4;492.2;481.45;489.15;3236083
ROSN;D;230726;000000;488.9;491.3;486.15;486.9;2048979
ROSN;D;230727;000000;487.55;494.95;487.55;493.75;2333583
ROSN;D;230728;000000;493.8;501;492.4;500.65;3920035
ROSN;D;230731;000000;502.7;510;502.1;508.75;3834835
ROSN;D;230801;000000;509.6;518.7;502.6;516.7;5152643
ROSN;D;230802;000000;517.55;523.8;512.05;522.95;4550961
ROSN;D;230803;000000;522.7;528.95;518.6;526.7;3156368
ROSN;D;230804;000000;527.2;539.15;511.5;521.95;6544046
ROSN;D;230807;000000;526.1;540.8;518.2;524.6;6440156
ROSN;D;230808;000000;523.75;528.4;517.55;527.9;2858096
ROSN;D;230809;000000;528.95;533.95;525.3;533.2;2724749
ROSN;D;230810;000000;534.45;537.9;532.5;535.2;2141148
ROSN;D;230811;000000;536.05;549.6;530.15;549;5879034
ROSN;D;230814;000000;551.05;565;536.6;539.75;10326696
ROSN;D;230815;000000;537;560.85;531;546.3;8500778
ROSN;D;230816;000000;546.35;550.8;523.7;532.95;6233100
ROSN;D;230817;000000;538.15;544.9;532;544.45;4602170
ROSN;D;230818;000000;543.95;548.65;540.15;548.2;2570507
ROSN;D;230821;000000;549;553;545.05;547.45;2196064
ROSN;D;230822;000000;547.8;550.45;542.3;549.5;2557733
ROSN;D;230823;000000;549.75;551;529.55;534.5;4531574
ROSN;D;230824;000000;536.95;541.5;533.35;539.8;1952825
ROSN;D;230825;000000;540.8;541.5;536.2;538.85;1542455
ROSN;D;230828;000000;540.05;546;537.5;545.55;2723570
ROSN;D;230829;000000;545.3;559.3;539.05;558.3;4392896
ROSN;D;230830;000000;561.55;564.4;550.65;556.9;6048998
ROSN;D;230831;000000;557.2;558.45;553.55;556.15;2576867
ROSN;D;230901;000000;556.35;559.65;553.05;559.15;2652237
ROSN;D;230904;000000;559.9;568.8;559.9;567.25;4176962
ROSN;D;230905;000000;568;575.75;565.05;574.4;6384802
ROSN;D;230906;000000;574.55;582.25;570.15;578.8;4775600
ROSN;D;230907;000000;578.8;584;555.25;564.6;7003656
ROSN;D;230908;000000;564.6;567.45;552.6;557.95;3257031
ROSN;D;230911;000000;557.45;558.25;542.05;549.1;4172188
ROSN;D;230912;000000;552;562.8;551.7;562;3053566
ROSN;D;230913;000000;563.25;563.45;553;555.15;1797711
ROSN;D;230914;000000;555.15;559;541.2;556.3;3338884
ROSN;D;230915;000000;556.6;563;551.7;562.8;3232633
ROSN;D;230918;000000;565;570.9;556.1;557.1;2842302
ROSN;D;230919;000000;558.25;559.95;542.95;544;3683245
ROSN;D;230920;000000;544;549.7;527.35;529.35;9812683
ROSN;D;230921;000000;527.95;528;504.2;508;15081435
ROSN;D;230922;000000;510.25;515.8;497.75;513.9;11587463
ROSN;D;230925;000000;513.9;523;510;520.65;5781473
ROSN;D;230926;000000;518.9;519.9;508.15;517.85;4174807
ROSN;D;230927;000000;520.3;531.25;519.4;529.95;4975773
ROSN;D;230928;000000;531.4;537;530.5;535.7;3952262
ROSN;D;230929;000000;536;539.4;532.3;537;3177517
ROSN;D;231002;000000;538.55;544.35;534.55;535.55;4048595
ROSN;D;231003;000000;534.65;540.65;526.9;538.9;3193793
ROSN;D;231004;000000;538.05;543.25;533.6;533.95;3434001
ROSN;D;231005;000000;536;539.6;530.3;534.7;2482933
ROSN;D;231006;000000;534.6;537.65;530;534.2;2954584
ROSN;D;231009;000000;541.15;553.2;538.6;552.5;6925700
ROSN;D;231010;000000;552.45;554.5;547.05;549;2938061
ROSN;D;231011;000000;549.5;559.65;537.3;540.35;6375337
ROSN;D;231012;000000;538.45;548.7;535;546.05;4047855
ROSN;D;231013;000000;546.65;562;545.4;561.85;4963528
ROSN;D;231016;000000;564;569.95;561.05;568.65;5012267
ROSN;D;231017;000000;568.8;574.5;563.15;573.05;4284992
ROSN;D;231018;000000;574.95;589.9;573.55;586.8;9688002
ROSN;D;231019;000000;586;596.25;580.55;595.25;5938288
ROSN;D;231020;000000;596.1;605.25;586.7;602.9;7851079
ROSN;D;231023;000000;601;607.8;590.35;593.3;5966497
ROSN;D;231024;000000;593;593.2;584.5;586.2;3865069
ROSN;D;231025;000000;585;593.4;580.7;590.5;4230089
ROSN;D;231026;000000;590.85;594.5;582.65;583;3471675
ROSN;D;231027;000000;584.5;597.95;576;594.6;6830853
ROSN;D;231030;000000;593.1;593.1;586.15;587.2;2797942
ROSN;D;231031;000000;586.2;588.4;571.4;574.55;4764688
ROSN;D;231101;000000;573.9;586.3;573.7;579.5;4121266
ROSN;D;231102;000000;581.25;589.75;580.75;586.25;3424614
ROSN;D;231103;000000;588.4;590;577.8;581.5;3687213
ROSN;D;231106;000000;582.1;589;580.6;588.95;1890640
ROSN;D;231107;000000;588.5;589;583.6;583.95;2185463
ROSN;D;231108;000000;583.95;587.85;581.05;581.65;2301486
ROSN;D;231109;000000;581.45;587.55;576;583.1;3371644
ROSN;D;231110;000000;583.45;601.45;583;598.3;9597029
ROSN;D;231113;000000;600;601.85;593.75;598.3;4281542
ROSN;D;231114;000000;597.8;598.95;581.35;591.3;4639294
ROSN;D;231115;000000;589.8;590.7;580.1;585;5202737
ROSN;D;231116;000000;583.45;587;570.35;572.75;3571358
ROSN;D;231117;000000;572.55;583.4;568.55;583.3;4816033
ROSN;D;231120;000000;584.4;586.15;579.85;581.5;2169737
ROSN;D;231121;000000;580.9;584.6;576.4;583.4;2113369
ROSN;D;231122;000000;582.7;586.6;580.05;581.75;2716947
ROSN;D;231123;000000;581.5;582.7;580;580.8;1295984
ROSN;D;231124;000000;581.35;584.5;571.5;578.85;3449425
ROSN;D;231127;000000;578.15;583.85;574.5;578;2726795
ROSN;D;231128;000000;577.95;589.9;573;589.9;3423626
ROSN;D;231129;000000;589.85;594;583.45;593.45;3560150
ROSN;D;231130;000000;597.9;597.9;582.05;584.3;5566666
ROSN;D;231201;000000;583.4;584.05;574.05;575.15;2621031
ROSN;D;231204;000000;573.8;574.9;562.15;565;3366080
ROSN;D;231205;000000;567.2;576.75;563;574.35;2235741
ROSN;D;231206;000000;574.8;575.8;563;565.55;2260242
ROSN;D;231207;000000;565;570.65;558.5;560.6;4006958
ROSN;D;231208;000000;562.95;567.15;560;564.7;1598457
ROSN;D;231211;000000;564.7;568;553.55;555;2436930
ROSN;D;231212;000000;554.8;557.4;545.05;549.55;2531287
ROSN;D;231213;000000;546.3;556.55;544.3;555.85;1735472
ROSN;D;231214;000000;556.85;558.6;535.65;535.7;3416548
ROSN;D;231215;000000;535.6;563;535.6;561.5;3936790
ROSN;D;231218;000000;567;569.5;563.1;566.65;3577369
ROSN;D;231219;000000;566.7;574.8;564.25;574;3112781
ROSN;D;231220;000000;574.6;584.9;573.2;578.6;3380683
ROSN;D;231221;000000;580.4;580.4;569.5;577.1;2974266
ROSN;D;231222;000000;579.95;585.45;578.15;583.75;2574808
ROSN;D;231225;000000;585;588.45;580;584.45;1689609
ROSN;D;231226;000000;585;592;583;589.3;2228358
ROSN;D;231227;000000;590;596.65;589.5;594.55;2901799
ROSN;D;231228;000000;596.05;596.7;589.1;591.9;1817659
ROSN;D;231229;000000;591.75;595.25;586.35;593.2;1874246
ROSN;D;240103;000000;595.55;604;594.75;604;1939948
ROSN;D;240104;000000;605.25;605.6;600.5;601.15;1182510
ROSN;D;240105;000000;602.1;605.55;599;604.05;1962271
ROSN;D;240108;000000;605;606.95;600.5;602.3;1795560
ROSN;D;240109;000000;603;603.75;597.85;600.55;3240395
ROSN;D;240110;000000;598.2;601.95;598.15;601;5053247
ROSN;D;240111;000000;574.05;582.15;571;579.6;9552539
ROSN;D;240112;000000;583.5;589.9;580.85;584.2;5373731
ROSN;D;240115;000000;585.05;587.9;579.6;581.4;2554880
ROSN;D;240116;000000;582.6;582.6;577.15;578.4;1578182
ROSN;D;240117;000000;578.35;580.75;569.8;574.75;3907099
ROSN;D;240118;000000;575.75;578.15;571.85;573.95;2074597
ROSN;D;240119;000000;574;577.6;570.6;574.95;2642477
ROSN;D;240122;000000;575.4;579.7;575.4;577.95;1860332
ROSN;D;240123;000000;578.95;580.5;576.5;579.9;1419520
ROSN;D;240124;000000;580.35;582.15;572.1;575.75;1843317
ROSN;D;240125;000000;574;576;572.6;574.65;1866939
ROSN;D;240126;000000;576.8;577.65;572.35;573.9;1545741
ROSN;D;240129;000000;574.6;580.45;573;575.75;3546786
ROSN;D;240130;000000;576.35;578.45;572.6;573.95;2240386
ROSN;D;240131;000000;574.35;576.5;572;575;3279832
ROSN;D;240201;000000;575.55;582;574;576.5;4623656
ROSN;D;240202;000000;577.05;584.95;574.5;583.95;5211158
ROSN;D;240205;000000;584.1;592.95;584.1;592;5219238
ROSN;D;240206;000000;592.95;593.75;590.5;593.55;2073014
ROSN;D;240207;000000;593.7;595.7;588.8;589.7;4028398
ROSN;D;240208;000000;587;591.4;580;587.75;3278186
ROSN;D;240209;000000;587.8;592.9;586.6;589.75;2550838
ROSN;D;240212;000000;590.15;592.35;585;588.95;2661391
ROSN;D;240213;000000;589.95;593.45;589.55;592.75;2387698
ROSN;D;240214;000000;593.75;594.65;589.65;590.05;1932668
ROSN;D;240215;000000;590;591.6;587.55;589.15;2637893
ROSN;D;240216;000000;590.15;591;582.4;585.5;4190539
ROSN;D;240219;000000;585.6;589.5;581.55;586.25;2549955
ROSN;D;240220;000000;586;586.05;570.2;572.1;5158911
ROSN;D;240221;000000;572.1;576.75;560.25;562.35;6692066
ROSN;D;240222;000000;564.4;565.75;558.5;562.35;2740789
ROSN;D;240226;000000;566.65;577.3;566.65;575.55;3622806
ROSN;D;240227;000000;575.4;575.55;566.05;568.2;3484260
ROSN;D;240228;000000;567.8;570.35;565.25;568.5;2558148
ROSN;D;240229;000000;568.4;580.5;567;578;3607482
ROSN;D;240301;000000;578.1;581.6;573.25;577.45;2354297
ROSN;D;240304;000000;578.85;583.6;578.55;582.5;2062070
ROSN;D;240305;000000;582.7;588.8;579.5;585.55;2702344
ROSN;D;240306;000000;585.75;589.95;584.5;585.15;1874631
ROSN;D;240307;000000;584.8;589.8;583.1;589.45;1429218
ROSN;D;240311;000000;589.7;592.5;587.05;588.35;1917858
ROSN;D;240312;000000;588.6;589;585.05;588.25;1809433
ROSN;D;240313;000000;586.55;588.35;580.7;581.45;2710923
ROSN;D;240314;000000;581;586;577.8;584;2570897
ROSN;D;240315;000000;583;587.15;579.6;584.2;1767586
ROSN;D;240318;000000;584;586.45;581.55;583.1;1283694
ROSN;D;240319;000000;582.7;583.7;556.3;565.35;15170278
ROSN;D;240320;000000;565.35;566.55;551.2;560.3;15820536
ROSN;D;240321;000000;561.3;575;557.25;562.8;13578282
ROSN;D;240322;000000;562.85;563.95;551;554.2;10044373
ROSN;D;240325;000000;556.75;559.85;548.5;558.05;8576498
ROSN;D;240326;000000;559;559;554.15;556.1;4715880
ROSN;D;240327;000000;556.1;557.5;551.25;555.4;3620770
ROSN;D;240328;000000;557;565.8;555.75;565.75;8138568
ROSN;D;240329;000000;567.65;569.4;563.5;565.75;5551116
ROSN;D;240401;000000;567.95;573.55;566.8;568.85;8188468
ROSN;D;240402;000000;570.05;574.5;567.5;572.9;4815709
ROSN;D;240403;000000;573.1;579;572;576.9;4824268
ROSN;D;240404;000000;577.7;580;575.65;578.05;3919154
ROSN;D;240405;000000;578.85;579.65;574;576.1;3294264
ROSN;D;240408;000000;576.45;579.75;571.55;574.5;3292069
ROSN;D;240409;000000;574.55;576.2;565.75;568.4;4658816
ROSN;D;240410;000000;568.55;574.5;565.6;573.2;2485455
ROSN;D;240411;000000;573.25;576.6;573.25;575.05;557769
